Company,Ticker,Industry Bucket,Category,Sub-Category
AAR Corp.,AIR,Industrials : Aerospace & Defense,Industrials,Aerospace & Defense
AEVEX Corp.,AVEX,Industrials : Aerospace & Defense,Industrials,Aerospace & Defense
"AIRO Group Holdings, Inc.",AIRO,Industrials : Aerospace & Defense,Industrials,Aerospace & Defense
"AeroVironment, Inc.",AVAV,Industrials : Aerospace & Defense,Industrials,Aerospace & Defense
Air Industries Group,AIRI,Industrials : Aerospace & Defense,Industrials,Aerospace & Defense
"Applied Aerospace & Defense, Inc.",AADX,Industrials : Aerospace & Defense,Industrials,Aerospace & Defense
Archer Aviation Inc.,ACHR,Industrials : Aerospace & Defense,Industrials,Aerospace & Defense
Astronics Corporation,ATRO,Industrials : Aerospace & Defense,Industrials,Aerospace & Defense
"Axon Enterprise, Inc.",AXON,Industrials : Aerospace & Defense,Industrials,Aerospace & Defense
"BETA Technologies, Inc.",BETA,Industrials : Aerospace & Defense,Industrials,Aerospace & Defense
"BWX Technologies, Inc.",BWXT,Industrials : Aerospace & Defense,Industrials,Aerospace & Defense
BiomX Inc.,PHGE,Industrials : Aerospace & Defense,Industrials,Aerospace & Defense
Byrna Technologies Inc.,BYRN,Industrials : Aerospace & Defense,Industrials,Aerospace & Defense
CAE Inc.,CAE,Industrials : Aerospace & Defense,Industrials,Aerospace & Defense
"CPI Aerostructures, Inc.",CVU,Industrials : Aerospace & Defense,Industrials,Aerospace & Defense
"Cadre Holdings, Inc.",CDRE,Industrials : Aerospace & Defense,Industrials,Aerospace & Defense
"Coda Octopus Group, Inc.",CODA,Industrials : Aerospace & Defense,Industrials,Aerospace & Defense
Curtiss-Wright Corporation,CW,Industrials : Aerospace & Defense,Industrials,Aerospace & Defense
DEFSEC Technologies Inc.,DFSC,Industrials : Aerospace & Defense,Industrials,Aerospace & Defense
DPC Holdings PLC,DPC,Industrials : Aerospace & Defense,Industrials,Aerospace & Defense
DUKE Robotics Corp.,DUKR,Industrials : Aerospace & Defense,Industrials,Aerospace & Defense
Ducommun Incorporated,DCO,Industrials : Aerospace & Defense,Industrials,Aerospace & Defense
EHang Holdings Limited,EH,Industrials : Aerospace & Defense,Industrials,Aerospace & Defense
Elbit Systems Ltd.,ESLT,Industrials : Aerospace & Defense,Industrials,Aerospace & Defense
Embraer S.A.,EMBJ,Industrials : Aerospace & Defense,Industrials,Aerospace & Defense
"Eve Holding, Inc.",EVEX,Industrials : Aerospace & Defense,Industrials,Aerospace & Defense
FTAI Aviation Ltd.,FTAI,Industrials : Aerospace & Defense,Industrials,Aerospace & Defense
Firefly Aerospace Inc.,FLY,Industrials : Aerospace & Defense,Industrials,Aerospace & Defense
GE Aerospace,GE,Industrials : Aerospace & Defense,Industrials,Aerospace & Defense
General Dynamics Corporation,GD,Industrials : Aerospace & Defense,Industrials,Aerospace & Defense
GrabAGun Digital Holdings Inc.,PEW,Industrials : Aerospace & Defense,Industrials,Aerospace & Defense
HEICO Corporation,HEI,Industrials : Aerospace & Defense,Industrials,Aerospace & Defense
HEICO Corporation,HEI.A,Industrials : Aerospace & Defense,Industrials,Aerospace & Defense
"HawkEye 360, Inc.",HAWK,Industrials : Aerospace & Defense,Industrials,Aerospace & Defense
Hexcel Corporation,HXL,Industrials : Aerospace & Defense,Industrials,Aerospace & Defense
Honeywell Aerospace Inc.,HONA,Industrials : Aerospace & Defense,Industrials,Aerospace & Defense
Howmet Aerospace Inc.,HWM,Industrials : Aerospace & Defense,Industrials,Aerospace & Defense
"Huntington Ingalls Industries, Inc.",HII,Industrials : Aerospace & Defense,Industrials,Aerospace & Defense
"Innovative Aerosystems, Inc.",ISSC,Industrials : Aerospace & Defense,Industrials,Aerospace & Defense
"Intuitive Machines, Inc.",LUNR,Industrials : Aerospace & Defense,Industrials,Aerospace & Defense
Karman Holdings Inc.,KRMN,Industrials : Aerospace & Defense,Industrials,Aerospace & Defense
"Kratos Defense & Security Solutions, Inc.",KTOS,Industrials : Aerospace & Defense,Industrials,Aerospace & Defense
"L3Harris Technologies, Inc.",LHX,Industrials : Aerospace & Defense,Industrials,Aerospace & Defense
"Leonardo DRS, Inc.",DRS,Industrials : Aerospace & Defense,Industrials,Aerospace & Defense
Loar Holdings Inc.,LOAR,Industrials : Aerospace & Defense,Industrials,Aerospace & Defense
Lockheed Martin Corporation,LMT,Industrials : Aerospace & Defense,Industrials,Aerospace & Defense
MDA Space Ltd.,MDA,Industrials : Aerospace & Defense,Industrials,Aerospace & Defense
"Mercury Systems, Inc.",MRCY,Industrials : Aerospace & Defense,Industrials,Aerospace & Defense
"Merlin, Inc.",MRLN,Industrials : Aerospace & Defense,Industrials,Aerospace & Defense
Mobilicom Limited,MOB,Industrials : Aerospace & Defense,Industrials,Aerospace & Defense
Momentus Inc.,MNTS,Industrials : Aerospace & Defense,Industrials,Aerospace & Defense
Moog Inc.,MOG.A,Industrials : Aerospace & Defense,Industrials,Aerospace & Defense
Moog Inc.,MOG.B,Industrials : Aerospace & Defense,Industrials,Aerospace & Defense
"National Presto Industries, Inc.",NPK,Industrials : Aerospace & Defense,Industrials,Aerospace & Defense
"Nauticus Robotics, Inc.",KITT,Industrials : Aerospace & Defense,Industrials,Aerospace & Defense
New Horizon Aircraft Ltd.,HOVR,Industrials : Aerospace & Defense,Industrials,Aerospace & Defense
Northrop Grumman Corporation,NOC,Industrials : Aerospace & Defense,Industrials,Aerospace & Defense
"Optex Systems Holdings, Inc",OPXS,Industrials : Aerospace & Defense,Industrials,Aerospace & Defense
Outdoor Holding Company,POWW,Industrials : Aerospace & Defense,Industrials,Aerospace & Defense
ParaZero Technologies Ltd.,PRZO,Industrials : Aerospace & Defense,Industrials,Aerospace & Defense
Park Aerospace Corp.,PKE,Industrials : Aerospace & Defense,Industrials,Aerospace & Defense
Planet Labs PBC,PL,Industrials : Aerospace & Defense,Industrials,Aerospace & Defense
RTX Corporation,RTX,Industrials : Aerospace & Defense,Industrials,Aerospace & Defense
"Red Cat Holdings, Inc.",RCAT,Industrials : Aerospace & Defense,Industrials,Aerospace & Defense
Redwire Corporation,RDW,Industrials : Aerospace & Defense,Industrials,Aerospace & Defense
Rocket Lab Corporation,RKLB,Industrials : Aerospace & Defense,Industrials,Aerospace & Defense
"SIFCO Industries, Inc.",SIF,Industrials : Aerospace & Defense,Industrials,Aerospace & Defense
Safe Pro Group Inc.,SPAI,Industrials : Aerospace & Defense,Industrials,Aerospace & Defense
Satellogic Inc.,SATL,Industrials : Aerospace & Defense,Industrials,Aerospace & Defense
"Sidus Space, Inc.",SIDU,Industrials : Aerospace & Defense,Industrials,Aerospace & Defense
"Smith & Wesson Brands, Inc.",SWBI,Industrials : Aerospace & Defense,Industrials,Aerospace & Defense
Space Exploration Technologies Corp.,SPCX,Industrials : Aerospace & Defense,Industrials,Aerospace & Defense
"StandardAero, Inc.",SARO,Industrials : Aerospace & Defense,Industrials,Aerospace & Defense
"Starfighters Space, Inc.",FJET,Industrials : Aerospace & Defense,Industrials,Aerospace & Defense
"Sturm, Ruger & Company, Inc.",RGR,Industrials : Aerospace & Defense,Industrials,Aerospace & Defense
T3 Defense Inc.,DFNS,Industrials : Aerospace & Defense,Industrials,Aerospace & Defense
TAT Technologies Ltd.,TATT,Industrials : Aerospace & Defense,Industrials,Aerospace & Defense
Textron Inc.,TXT,Industrials : Aerospace & Defense,Industrials,Aerospace & Defense
The Boeing Company,BA,Industrials : Aerospace & Defense,Industrials,Aerospace & Defense
The Elmet Group Co.,ELMT,Industrials : Aerospace & Defense,Industrials,Aerospace & Defense
TransDigm Group Incorporated,TDG,Industrials : Aerospace & Defense,Industrials,Aerospace & Defense
"V2X, Inc.",VVX,Industrials : Aerospace & Defense,Industrials,Aerospace & Defense
VSE Corporation,VSEC,Industrials : Aerospace & Defense,Industrials,Aerospace & Defense
Vertical Aerospace Ltd.,EVTL,Industrials : Aerospace & Defense,Industrials,Aerospace & Defense
"Virgin Galactic Holdings, Inc.",SPCE,Industrials : Aerospace & Defense,Industrials,Aerospace & Defense
"VisionWave Holdings, Inc.",VWAV,Industrials : Aerospace & Defense,Industrials,Aerospace & Defense
"Voyager Technologies, Inc.",VOYG,Industrials : Aerospace & Defense,Industrials,Aerospace & Defense
"Woodward, Inc.",WWD,Industrials : Aerospace & Defense,Industrials,Aerospace & Defense
"XTI Aerospace, Inc.",XTIA,Industrials : Aerospace & Defense,Industrials,Aerospace & Defense
"York Space Systems, Inc.",YSS,Industrials : Aerospace & Defense,Industrials,Aerospace & Defense
"Alaska Air Group, Inc.",ALK,Industrials : Aviation & Airport Services,Industrials,Airlines & Airport Services
Allegiant Travel Company,ALGT,Industrials : Aviation & Airport Services,Industrials,Airlines & Airport Services
American Airlines Group Inc.,AAL,Industrials : Aviation & Airport Services,Industrials,Airlines & Airport Services
Azul S.A.,AZUL,Industrials : Aviation & Airport Services,Industrials,Airlines & Airport Services
"Controladora Vuela Compañía de Aviación, S.A.B. de C.V.",VLRS,Industrials : Aviation & Airport Services,Industrials,Airlines & Airport Services
"Copa Holdings, S.A.",CPA,Industrials : Aviation & Airport Services,Industrials,Airlines & Airport Services
"Delta Air Lines, Inc.",DAL,Industrials : Aviation & Airport Services,Industrials,Airlines & Airport Services
"Frontier Group Holdings, Inc.",ULCC,Industrials : Aviation & Airport Services,Industrials,Airlines & Airport Services
"Grupo Aeroméxico, S.A.B. de C.V.",AERO,Industrials : Aviation & Airport Services,Industrials,Airlines & Airport Services
JetBlue Airways Corporation,JBLU,Industrials : Aviation & Airport Services,Industrials,Airlines & Airport Services
LATAM Airlines Group S.A.,LTM,Industrials : Aviation & Airport Services,Industrials,Airlines & Airport Services
Republic Airways Holdings Inc.,RJET,Industrials : Aviation & Airport Services,Industrials,Airlines & Airport Services
Ryanair Holdings plc,RYAAY,Industrials : Aviation & Airport Services,Industrials,Airlines & Airport Services
"SkyWest, Inc.",SKYW,Industrials : Aviation & Airport Services,Industrials,Airlines & Airport Services
Southwest Airlines Co.,LUV,Industrials : Aviation & Airport Services,Industrials,Airlines & Airport Services
Surf Air Mobility Inc.,SRFM,Industrials : Aviation & Airport Services,Industrials,Airlines & Airport Services
"United Airlines Holdings, Inc.",UAL,Industrials : Aviation & Airport Services,Industrials,Airlines & Airport Services
"flyExclusive, Inc.",FLYX,Industrials : Aviation & Airport Services,Industrials,Airlines & Airport Services
AerSale Corporation,ASLE,Industrials : Aviation & Airport Services,Industrials,Airlines & Airport Services
Corporación América Airports S.A.,CAAP,Industrials : Aviation & Airport Services,Industrials,Airlines & Airport Services
"Grupo Aeroportuario del Centro Norte, S.A.B. de C.V.",OMAB,Industrials : Aviation & Airport Services,Industrials,Airlines & Airport Services
"Grupo Aeroportuario del Pacífico, S.A.B. de C.V.",PAC,Industrials : Aviation & Airport Services,Industrials,Airlines & Airport Services
"Grupo Aeroportuario del Sureste, S. A. B. de C. V.",ASR,Industrials : Aviation & Airport Services,Industrials,Airlines & Airport Services
"Joby Aviation, Inc.",JOBY,Industrials : Aviation & Airport Services,Industrials,Airlines & Airport Services
"Volato Group, Inc.",SOAR,Industrials : Aviation & Airport Services,Industrials,Airlines & Airport Services
Wheels Up Experience Inc.,UP,Industrials : Aviation & Airport Services,Industrials,Airlines & Airport Services
"AAON, Inc.",AAON,"Industrials : Construction, Engineering & Building Systems",Industrials,Construction & Building Systems
"Advanced Drainage Systems, Inc.",WMS,"Industrials : Construction, Engineering & Building Systems",Industrials,Construction & Building Systems
AirJoule Technologies Corporation,AIRJ,"Industrials : Construction, Engineering & Building Systems",Industrials,Construction & Building Systems
"Alpha Pro Tech, Ltd.",APT,"Industrials : Construction, Engineering & Building Systems",Industrials,Construction & Building Systems
Antelope Enterprise Holdings Limited,AEHL,"Industrials : Construction, Engineering & Building Systems",Industrials,Construction & Building Systems
"Apogee Enterprises, Inc.",APOG,"Industrials : Construction, Engineering & Building Systems",Industrials,Construction & Building Systems
"Arlo Technologies, Inc.",ARLO,"Industrials : Construction, Engineering & Building Systems",Industrials,Construction & Building Systems
"Armstrong World Industries, Inc.",AWI,"Industrials : Construction, Engineering & Building Systems",Industrials,Construction & Building Systems
"Aspen Aerogels, Inc.",ASPN,"Industrials : Construction, Engineering & Building Systems",Industrials,Construction & Building Systems
"Builders FirstSource, Inc.",BLDR,"Industrials : Construction, Engineering & Building Systems",Industrials,Construction & Building Systems
Caesarstone Ltd.,CSTE,"Industrials : Construction, Engineering & Building Systems",Industrials,Construction & Building Systems
Carlisle Companies Incorporated,CSL,"Industrials : Construction, Engineering & Building Systems",Industrials,Construction & Building Systems
Carrier Global Corporation,CARR,"Industrials : Construction, Engineering & Building Systems",Industrials,Construction & Building Systems
"Fortune Brands Innovations, Inc.",FBIN,"Industrials : Construction, Engineering & Building Systems",Industrials,Construction & Building Systems
"Gibraltar Industries, Inc.",ROCK,"Industrials : Construction, Engineering & Building Systems",Industrials,Construction & Building Systems
Griffon Corporation,GFF,"Industrials : Construction, Engineering & Building Systems",Industrials,Construction & Building Systems
"Identiv, Inc.",INVE,"Industrials : Construction, Engineering & Building Systems",Industrials,Construction & Building Systems
Intelligent Living Application Group Inc.,ILAG,"Industrials : Construction, Engineering & Building Systems",Industrials,Construction & Building Systems
"JELD-WEN Holding, Inc.",JELD,"Industrials : Construction, Engineering & Building Systems",Industrials,Construction & Building Systems
"Janus International Group, Inc.",JBI,"Industrials : Construction, Engineering & Building Systems",Industrials,Construction & Building Systems
Johnson Controls International plc,JCI,"Industrials : Construction, Engineering & Building Systems",Industrials,Construction & Building Systems
Julong Holding Limited,JLHL,"Industrials : Construction, Engineering & Building Systems",Industrials,Construction & Building Systems
"Latham Group, Inc.",SWIM,"Industrials : Construction, Engineering & Building Systems",Industrials,Construction & Building Systems
Lennox International Inc.,LII,"Industrials : Construction, Engineering & Building Systems",Industrials,Construction & Building Systems
"Limbach Holdings, Inc.",LMB,"Industrials : Construction, Engineering & Building Systems",Industrials,Construction & Building Systems
Louisiana-Pacific Corporation,LPX,"Industrials : Construction, Engineering & Building Systems",Industrials,Construction & Building Systems
Madison Air Solutions Corporation,MAIR,"Industrials : Construction, Engineering & Building Systems",Industrials,Construction & Building Systems
Masco Corporation,MAS,"Industrials : Construction, Engineering & Building Systems",Industrials,Construction & Building Systems
NPK International Inc.,NPKI,"Industrials : Construction, Engineering & Building Systems",Industrials,Construction & Building Systems
Owens Corning,OC,"Industrials : Construction, Engineering & Building Systems",Industrials,Construction & Building Systems
"Perma-Pipe International Holdings, Inc.",PPIH,"Industrials : Construction, Engineering & Building Systems",Industrials,Construction & Building Systems
Quanex Building Products Corporation,NX,"Industrials : Construction, Engineering & Building Systems",Industrials,Construction & Building Systems
"SPX Technologies, Inc.",SPXC,"Industrials : Construction, Engineering & Building Systems",Industrials,Construction & Building Systems
Trane Technologies plc,TT,"Industrials : Construction, Engineering & Building Systems",Industrials,Construction & Building Systems
"Trex Company, Inc.",TREX,"Industrials : Construction, Engineering & Building Systems",Industrials,Construction & Building Systems
"Universal Safety Products, Inc",UUU,"Industrials : Construction, Engineering & Building Systems",Industrials,Construction & Building Systems
ACCO Brands Corporation,ACCO,Industrials : Industrial Distribution & Business Equipment,Industrials,Distribution & Diversified Industrials
Acacia Research Corporation,ACTG,Industrials : Industrial Distribution & Business Equipment,Industrials,Distribution & Diversified Industrials
"Ennis, Inc.",EBF,Industrials : Industrial Distribution & Business Equipment,Industrials,Distribution & Diversified Industrials
Eshallgo Inc.,EHGO,Industrials : Industrial Distribution & Business Equipment,Industrials,Distribution & Diversified Industrials
Xerox Holdings Corporation,XRX,Industrials : Industrial Distribution & Business Equipment,Industrials,Distribution & Diversified Industrials
3M Company,MMM,Industrials : Diversified Industrials & Infrastructure,Industrials,Distribution & Diversified Industrials
"Air T, Inc.",AIRT,Industrials : Diversified Industrials & Infrastructure,Industrials,Distribution & Diversified Industrials
Boston Omaha Corporation,BOC,Industrials : Diversified Industrials & Infrastructure,Industrials,Distribution & Diversified Industrials
Brookfield Business Corporation,BBUC,Industrials : Diversified Industrials & Infrastructure,Industrials,Distribution & Diversified Industrials
Compass Diversified,CODI,Industrials : Diversified Industrials & Infrastructure,Industrials,Distribution & Diversified Industrials
"Cresud Sociedad Anónima, Comercial, Inmobiliaria, Financiera y Agropecuaria",CRESY,Industrials : Diversified Industrials & Infrastructure,Industrials,Distribution & Diversified Industrials
DMC Global Inc.,BOOM,Industrials : Diversified Industrials & Infrastructure,Industrials,Distribution & Diversified Industrials
Deluxe Corporation,DLX,Industrials : Diversified Industrials & Infrastructure,Industrials,Distribution & Diversified Industrials
FTAI Infrastructure Inc.,FIP,Industrials : Diversified Industrials & Infrastructure,Industrials,Distribution & Diversified Industrials
"Falcon's Beyond Global, Inc.",FBYD,Industrials : Diversified Industrials & Infrastructure,Industrials,Distribution & Diversified Industrials
Graham Holdings Company,GHC,Industrials : Diversified Industrials & Infrastructure,Industrials,Distribution & Diversified Industrials
"Harte Hanks, Inc.",HHS,Industrials : Diversified Industrials & Infrastructure,Industrials,Distribution & Diversified Industrials
Honeywell International Inc.,HON,Industrials : Diversified Industrials & Infrastructure,Industrials,Distribution & Diversified Industrials
"Hyperscale Data, Inc.",GPUS,Industrials : Diversified Industrials & Infrastructure,Industrials,Distribution & Diversified Industrials
LogProstyle Inc.,LGPS,Industrials : Diversified Industrials & Infrastructure,Industrials,Distribution & Diversified Industrials
"Mammoth Energy Services, Inc.",TUSK,Industrials : Diversified Industrials & Infrastructure,Industrials,Distribution & Diversified Industrials
Matthews International Corporation,MATW,Industrials : Diversified Industrials & Infrastructure,Industrials,Distribution & Diversified Industrials
MaxsMaking Inc.,MAMK,Industrials : Diversified Industrials & Infrastructure,Industrials,Distribution & Diversified Industrials
"NN, Inc.",NNBR,Industrials : Diversified Industrials & Infrastructure,Industrials,Distribution & Diversified Industrials
Otter Tail Corporation,OTTR,Industrials : Diversified Industrials & Infrastructure,Industrials,Distribution & Diversified Industrials
Pampa Energía S.A.,PAM,Industrials : Diversified Industrials & Infrastructure,Industrials,Distribution & Diversified Industrials
Planet Green Holdings Corp.,PLAG,Industrials : Diversified Industrials & Infrastructure,Industrials,Distribution & Diversified Industrials
"RCM Technologies, Inc.",RCMT,Industrials : Diversified Industrials & Infrastructure,Industrials,Distribution & Diversified Industrials
Seaboard Corporation,SEB,Industrials : Diversified Industrials & Infrastructure,Industrials,Distribution & Diversified Industrials
"Star Equity Holdings, Inc.",STRR,Industrials : Diversified Industrials & Infrastructure,Industrials,Distribution & Diversified Industrials
"TETRA Technologies, Inc.",TTI,Industrials : Diversified Industrials & Infrastructure,Industrials,Distribution & Diversified Industrials
Tejon Ranch Co.,TRC,Industrials : Diversified Industrials & Infrastructure,Industrials,Distribution & Diversified Industrials
"Valmont Industries, Inc.",VMI,Industrials : Diversified Industrials & Infrastructure,Industrials,Distribution & Diversified Industrials
Acco Group Holdings Limited,ACCL,"Industrials : Professional, Security & Workforce Services",Industrials,Professional & Workforce Services
"Aeries Technology, Inc",AERT,"Industrials : Professional, Security & Workforce Services",Industrials,Professional & Workforce Services
Booz Allen Hamilton Holding Corporation,BAH,"Industrials : Professional, Security & Workforce Services",Industrials,Professional & Workforce Services
"CRA International, Inc.",CRAI,"Industrials : Professional, Security & Workforce Services",Industrials,Professional & Workforce Services
Diginex Limited,DGNX,"Industrials : Professional, Security & Workforce Services",Industrials,Professional & Workforce Services
Enigmatig Limited,EGG,"Industrials : Professional, Security & Workforce Services",Industrials,Professional & Workforce Services
Equifax Inc.,EFX,"Industrials : Professional, Security & Workforce Services",Industrials,Professional & Workforce Services
"Etoiles Capital Group Co., Ltd",EFTY,"Industrials : Professional, Security & Workforce Services",Industrials,Professional & Workforce Services
"FTI Consulting, Inc.",FCN,"Industrials : Professional, Security & Workforce Services",Industrials,Professional & Workforce Services
"Forrester Research, Inc.",FORR,"Industrials : Professional, Security & Workforce Services",Industrials,Professional & Workforce Services
Greenpro Capital Corp.,GRNQ,"Industrials : Professional, Security & Workforce Services",Industrials,Professional & Workforce Services
"Hang Feng Technology Innovation Co., Ltd.",FOFO,"Industrials : Professional, Security & Workforce Services",Industrials,Professional & Workforce Services
Huron Consulting Group Inc.,HURN,"Industrials : Professional, Security & Workforce Services",Industrials,Professional & Workforce Services
"ICF International, Inc.",ICFI,"Industrials : Professional, Security & Workforce Services",Industrials,Professional & Workforce Services
Intelligent Group Limited,INTJ,"Industrials : Professional, Security & Workforce Services",Industrials,Professional & Workforce Services
"Resources Connection, Inc.",RGP,"Industrials : Professional, Security & Workforce Services",Industrials,Professional & Workforce Services
"Robot Consulting Co., Ltd.",LAWR,"Industrials : Professional, Security & Workforce Services",Industrials,Professional & Workforce Services
Roma Green Finance Limited,ROMA,"Industrials : Professional, Security & Workforce Services",Industrials,Professional & Workforce Services
SBC Medical Group Holdings Incorporated,SBC,"Industrials : Professional, Security & Workforce Services",Industrials,Professional & Workforce Services
VCI Global Limited,VCIG,"Industrials : Professional, Security & Workforce Services",Industrials,Professional & Workforce Services
"Verisk Analytics, Inc.",VRSK,"Industrials : Professional, Security & Workforce Services",Industrials,Professional & Workforce Services
Zenta Group Company Limited,ZTG,"Industrials : Professional, Security & Workforce Services",Industrials,Professional & Workforce Services
"rYojbaba Co., Ltd.",RYOJ,"Industrials : Professional, Security & Workforce Services",Industrials,Professional & Workforce Services
ADS-TEC Energy PLC,ADSE,"Industrials : Electrical, Automation & Grid Equipment",Industrials,Electrical & Automation
Acuity Inc.,AYI,"Industrials : Electrical, Automation & Grid Equipment",Industrials,Electrical & Automation
"Advanced Energy Industries, Inc.",AEIS,"Industrials : Electrical, Automation & Grid Equipment",Industrials,Electrical & Automation
"Amprius Technologies, Inc.",AMPX,"Industrials : Electrical, Automation & Grid Equipment",Industrials,Electrical & Automation
"Arxis, Inc.",ARXS,"Industrials : Electrical, Automation & Grid Equipment",Industrials,Electrical & Automation
Asia Pacific Wire & Cable Corporation Limited,APWC,"Industrials : Electrical, Automation & Grid Equipment",Industrials,Electrical & Automation
Atkore Inc.,ATKR,"Industrials : Electrical, Automation & Grid Equipment",Industrials,Electrical & Automation
Ballard Power Systems Inc.,BLDP,"Industrials : Electrical, Automation & Grid Equipment",Industrials,Electrical & Automation
Bloom Energy Corporation,BE,"Industrials : Electrical, Automation & Grid Equipment",Industrials,Electrical & Automation
CBAK Energy Technology Limited,CBAT,"Industrials : Electrical, Automation & Grid Equipment",Industrials,Electrical & Automation
CCSC Technology International Holdings Limited,CCTG,"Industrials : Electrical, Automation & Grid Equipment",Industrials,Electrical & Automation
Dragonfly Energy Holdings Corp.,DFLI,"Industrials : Electrical, Automation & Grid Equipment",Industrials,Electrical & Automation
E-Power Inc.,EPOW,"Industrials : Electrical, Automation & Grid Equipment",Industrials,Electrical & Automation
"ESS Tech, Inc.",GWH,"Industrials : Electrical, Automation & Grid Equipment",Industrials,Electrical & Automation
Electrovaya Inc.,ELVA,"Industrials : Electrical, Automation & Grid Equipment",Industrials,Electrical & Automation
Elong Power Holding Limited,ELPW,"Industrials : Electrical, Automation & Grid Equipment",Industrials,Electrical & Automation
EnerSys,ENS,"Industrials : Electrical, Automation & Grid Equipment",Industrials,Electrical & Automation
"Energizer Holdings, Inc.",ENR,"Industrials : Electrical, Automation & Grid Equipment",Industrials,Electrical & Automation
Enovix Corporation,ENVX,"Industrials : Electrical, Automation & Grid Equipment",Industrials,Electrical & Automation
"Eos Energy Enterprises, Inc.",EOSE,"Industrials : Electrical, Automation & Grid Equipment",Industrials,Electrical & Automation
Erayak Power Solution Group Inc.,RAYA,"Industrials : Electrical, Automation & Grid Equipment",Industrials,Electrical & Automation
Espey Mfg. & Electronics Corp.,ESP,"Industrials : Electrical, Automation & Grid Equipment",Industrials,Electrical & Automation
Expion360 Inc.,XPON,"Industrials : Electrical, Automation & Grid Equipment",Industrials,Electrical & Automation
Factorial Energy Inc.,FAC,"Industrials : Electrical, Automation & Grid Equipment",Industrials,Electrical & Automation
"Flux Power Holdings, Inc.",FLUX,"Industrials : Electrical, Automation & Grid Equipment",Industrials,Electrical & Automation
"Forgent Power Solutions, Inc.",FPS,"Industrials : Electrical, Automation & Grid Equipment",Industrials,Electrical & Automation
"FuelCell Energy, Inc.",FCEL,"Industrials : Electrical, Automation & Grid Equipment",Industrials,Electrical & Automation
GrafTech International Ltd.,EAF,"Industrials : Electrical, Automation & Grid Equipment",Industrials,Electrical & Automation
"Hayward Holdings, Inc.",HAYW,"Industrials : Electrical, Automation & Grid Equipment",Industrials,Electrical & Automation
Hubbell Incorporated,HUBB,"Industrials : Electrical, Automation & Grid Equipment",Industrials,Electrical & Automation
"Kimball Electronics, Inc.",KE,"Industrials : Electrical, Automation & Grid Equipment",Industrials,Electrical & Automation
Lightbridge Corporation,LTBR,"Industrials : Electrical, Automation & Grid Equipment",Industrials,Electrical & Automation
Linkers Industries Limited,LNKS,"Industrials : Electrical, Automation & Grid Equipment",Industrials,Electrical & Automation
"NOMAD Power Solutions, Inc.",NMAD,"Industrials : Electrical, Automation & Grid Equipment",Industrials,Electrical & Automation
NOVONIX Limited,NVX,"Industrials : Electrical, Automation & Grid Equipment",Industrials,Electrical & Automation
NeoVolta Inc.,NEOV,"Industrials : Electrical, Automation & Grid Equipment",Industrials,Electrical & Automation
"Orion Energy Systems, Inc.",OESX,"Industrials : Electrical, Automation & Grid Equipment",Industrials,Electrical & Automation
"Pioneer Power Solutions, Inc.",PPSI,"Industrials : Electrical, Automation & Grid Equipment",Industrials,Electrical & Automation
Plug Power Inc.,PLUG,"Industrials : Electrical, Automation & Grid Equipment",Industrials,Electrical & Automation
"Polar Power, Inc.",POLA,"Industrials : Electrical, Automation & Grid Equipment",Industrials,Electrical & Automation
"Powell Industries, Inc.",POWL,"Industrials : Electrical, Automation & Grid Equipment",Industrials,Electrical & Automation
Preformed Line Products Company,PLPC,"Industrials : Electrical, Automation & Grid Equipment",Industrials,Electrical & Automation
"RF Industries, Ltd.",RFIL,"Industrials : Electrical, Automation & Grid Equipment",Industrials,Electrical & Automation
SKYX Platforms Corp.,SKYX,"Industrials : Electrical, Automation & Grid Equipment",Industrials,Electrical & Automation
"Solidion Technology, Inc.",STI,"Industrials : Electrical, Automation & Grid Equipment",Industrials,Electrical & Automation
Stardust Power Inc.,SDST,"Industrials : Electrical, Automation & Grid Equipment",Industrials,Electrical & Automation
T1 Energy Inc.,TE,"Industrials : Electrical, Automation & Grid Equipment",Industrials,Electrical & Automation
Tecogen Inc.,TGEN,"Industrials : Electrical, Automation & Grid Equipment",Industrials,Electrical & Automation
Ultralife Corporation,ULBI,"Industrials : Electrical, Automation & Grid Equipment",Industrials,Electrical & Automation
Vertiv Holdings Co,VRT,"Industrials : Electrical, Automation & Grid Equipment",Industrials,Electrical & Automation
"X-Energy, Inc.",XE,"Industrials : Electrical, Automation & Grid Equipment",Industrials,Electrical & Automation
nVent Electric plc,NVT,"Industrials : Electrical, Automation & Grid Equipment",Industrials,Electrical & Automation
AECOM,ACM,"Industrials : Construction, Engineering & Building Systems",Industrials,Construction & Building Systems
APi Group Corporation,APG,"Industrials : Construction, Engineering & Building Systems",Industrials,Construction & Building Systems
"Ameresco, Inc.",AMRC,"Industrials : Construction, Engineering & Building Systems",Industrials,Construction & Building Systems
"Arcosa, Inc.",ACA,"Industrials : Construction, Engineering & Building Systems",Industrials,Construction & Building Systems
"Argan, Inc.",AGX,"Industrials : Construction, Engineering & Building Systems",Industrials,Construction & Building Systems
Blink Charging Co.,BLNK,"Industrials : Construction, Engineering & Building Systems",Industrials,Construction & Building Systems
Bowman Consulting Group Ltd.,BWMN,"Industrials : Construction, Engineering & Building Systems",Industrials,Construction & Building Systems
Cadeler A/S,CDLR,"Industrials : Construction, Engineering & Building Systems",Industrials,Construction & Building Systems
Cardinal Infrastructure Group Inc.,CDNL,"Industrials : Construction, Engineering & Building Systems",Industrials,Construction & Building Systems
"Comfort Systems USA, Inc.",FIX,"Industrials : Construction, Engineering & Building Systems",Industrials,Construction & Building Systems
"Concrete Pumping Holdings, Inc.",BBCP,"Industrials : Construction, Engineering & Building Systems",Industrials,Construction & Building Systems
"Construction Partners, Inc.",ROAD,"Industrials : Construction, Engineering & Building Systems",Industrials,Construction & Building Systems
"DirectBooking Technology Co., Ltd.",ZDAI,"Industrials : Construction, Engineering & Building Systems",Industrials,Construction & Building Systems
"Dycom Industries, Inc.",DY,"Industrials : Construction, Engineering & Building Systems",Industrials,Construction & Building Systems
"EMCOR Group, Inc.",EME,"Industrials : Construction, Engineering & Building Systems",Industrials,Construction & Building Systems
Energy Services of America Corporation,ESOA,"Industrials : Construction, Engineering & Building Systems",Industrials,Construction & Building Systems
"Everus Construction Group, Inc.",ECG,"Industrials : Construction, Engineering & Building Systems",Industrials,Construction & Building Systems
"Exponent, Inc.",EXPO,"Industrials : Construction, Engineering & Building Systems",Industrials,Construction & Building Systems
FBS Global Limited,FBGL,"Industrials : Construction, Engineering & Building Systems",Industrials,Construction & Building Systems
Ferrovial N.V.,FER,"Industrials : Construction, Engineering & Building Systems",Industrials,Construction & Building Systems
Fluor Corporation,FLR,"Industrials : Construction, Engineering & Building Systems",Industrials,Construction & Building Systems
Founder Group Limited,FGL,"Industrials : Construction, Engineering & Building Systems",Industrials,Construction & Building Systems
Granite Construction Incorporated,GVA,"Industrials : Construction, Engineering & Building Systems",Industrials,Construction & Building Systems
"IES Holdings, Inc.",IESC,"Industrials : Construction, Engineering & Building Systems",Industrials,Construction & Building Systems
INNOVATE Corp.,VATE,"Industrials : Construction, Engineering & Building Systems",Industrials,Construction & Building Systems
Jacobs Solutions Inc.,J,"Industrials : Construction, Engineering & Building Systems",Industrials,Construction & Building Systems
"KBR, Inc.",KBR,"Industrials : Construction, Engineering & Building Systems",Industrials,Construction & Building Systems
Legence Corp.,LGN,"Industrials : Construction, Engineering & Building Systems",Industrials,Construction & Building Systems
MYR Group Inc.,MYRG,"Industrials : Construction, Engineering & Building Systems",Industrials,Construction & Building Systems
Magnitude International Ltd,MAGH,"Industrials : Construction, Engineering & Building Systems",Industrials,Construction & Building Systems
"MasTec, Inc.",MTZ,"Industrials : Construction, Engineering & Building Systems",Industrials,Construction & Building Systems
Masonglory Limited,MSGY,"Industrials : Construction, Engineering & Building Systems",Industrials,Construction & Building Systems
Matrix Service Company,MTRX,"Industrials : Construction, Engineering & Building Systems",Industrials,Construction & Building Systems
Megan Holdings Limited,MGN,"Industrials : Construction, Engineering & Building Systems",Industrials,Construction & Building Systems
Ming Shing Group Holdings Limited,PMA,"Industrials : Construction, Engineering & Building Systems",Industrials,Construction & Building Systems
Mint Incorporation Limited,MIMI,"Industrials : Construction, Engineering & Building Systems",Industrials,Construction & Building Systems
OFA Group,OFAL,"Industrials : Construction, Engineering & Building Systems",Industrials,Construction & Building Systems
OneConstruction Group Limited,ONEG,"Industrials : Construction, Engineering & Building Systems",Industrials,Construction & Building Systems
"Orion Group Holdings, Inc.",ORN,"Industrials : Construction, Engineering & Building Systems",Industrials,Construction & Building Systems
Phoenix Asia Holdings Limited,PHOE,"Industrials : Construction, Engineering & Building Systems",Industrials,Construction & Building Systems
Primoris Services Corporation,PRIM,"Industrials : Construction, Engineering & Building Systems",Industrials,Construction & Building Systems
"Quanta Services, Inc.",PWR,"Industrials : Construction, Engineering & Building Systems",Industrials,Construction & Building Systems
Reitar Logtech Holdings Limited,RITR,"Industrials : Construction, Engineering & Building Systems",Industrials,Construction & Building Systems
SKK Holdings Limited,SKK,"Industrials : Construction, Engineering & Building Systems",Industrials,Construction & Building Systems
Shimmick Corporation,SHIM,"Industrials : Construction, Engineering & Building Systems",Industrials,Construction & Building Systems
Skyline Builders Group Holding Limited,KAZR,"Industrials : Construction, Engineering & Building Systems",Industrials,Construction & Building Systems
"Southland Holdings, Inc.",SLND,"Industrials : Construction, Engineering & Building Systems",Industrials,Construction & Building Systems
Stantec Inc.,STN,"Industrials : Construction, Engineering & Building Systems",Industrials,Construction & Building Systems
"Sterling Infrastructure, Inc.",STRL,"Industrials : Construction, Engineering & Building Systems",Industrials,Construction & Building Systems
"Tetra Tech, Inc.",TTEK,"Industrials : Construction, Engineering & Building Systems",Industrials,Construction & Building Systems
Tutor Perini Corporation,TPC,"Industrials : Construction, Engineering & Building Systems",Industrials,Construction & Building Systems
"Willdan Group, Inc.",WLDN,"Industrials : Construction, Engineering & Building Systems",Industrials,Construction & Building Systems
AGCO Corporation,AGCO,Industrials : Heavy Equipment & Industrial Rentals,Industrials,Machinery & Industrial Components
Aebi Schmidt Holding AG,AEBI,Industrials : Heavy Equipment & Industrial Rentals,Industrials,Machinery & Industrial Components
Alamo Group Inc.,ALG,Industrials : Heavy Equipment & Industrial Rentals,Industrials,Machinery & Industrial Components
"Art's-Way Manufacturing Co., Inc.",ARTW,Industrials : Heavy Equipment & Industrial Rentals,Industrials,Machinery & Industrial Components
"Astec Industries, Inc.",ASTE,Industrials : Heavy Equipment & Industrial Rentals,Industrials,Machinery & Industrial Components
Blue Bird Corporation,BLBD,Industrials : Heavy Equipment & Industrial Rentals,Industrials,Machinery & Industrial Components
CEA Industries Inc.,BNC,Industrials : Heavy Equipment & Industrial Rentals,Industrials,Machinery & Industrial Components
CNH Industrial N.V.,CNH,Industrials : Heavy Equipment & Industrial Rentals,Industrials,Machinery & Industrial Components
Caterpillar Inc.,CAT,Industrials : Heavy Equipment & Industrial Rentals,Industrials,Machinery & Industrial Components
Columbus McKinnon Corporation,CMCO,Industrials : Heavy Equipment & Industrial Rentals,Industrials,Machinery & Industrial Components
Deere & Company,DE,Industrials : Heavy Equipment & Industrial Rentals,Industrials,Machinery & Industrial Components
Federal Signal Corporation,FSS,Industrials : Heavy Equipment & Industrial Rentals,Industrials,Machinery & Industrial Components
"Gencor Industries, Inc.",GENC,Industrials : Heavy Equipment & Industrial Rentals,Industrials,Machinery & Industrial Components
GreenPower Motor Company Inc.,GP,Industrials : Heavy Equipment & Industrial Rentals,Industrials,Machinery & Industrial Components
"Huachen AI Parking Management Technology Holding Co., Ltd",HCAI,Industrials : Heavy Equipment & Industrial Rentals,Industrials,Machinery & Industrial Components
"Hydrofarm Holdings Group, Inc.",HYFM,Industrials : Heavy Equipment & Industrial Rentals,Industrials,Machinery & Industrial Components
"Hyster-Yale, Inc.",HY,Industrials : Heavy Equipment & Industrial Rentals,Industrials,Machinery & Industrial Components
Lindsay Corporation,LNN,Industrials : Heavy Equipment & Industrial Rentals,Industrials,Machinery & Industrial Components
Oshkosh Corporation,OSK,Industrials : Heavy Equipment & Industrial Rentals,Industrials,Machinery & Industrial Components
PACCAR Inc,PCAR,Industrials : Heavy Equipment & Industrial Rentals,Industrials,Machinery & Industrial Components
Scage Future,SCAG,Industrials : Heavy Equipment & Industrial Rentals,Industrials,Machinery & Industrial Components
Terex Corporation,TEX,Industrials : Heavy Equipment & Industrial Rentals,Industrials,Machinery & Industrial Components
"The Manitowoc Company, Inc.",MTW,Industrials : Heavy Equipment & Industrial Rentals,Industrials,Machinery & Industrial Components
"Titan International, Inc.",TWI,Industrials : Heavy Equipment & Industrial Rentals,Industrials,Machinery & Industrial Components
Wabash National Corporation,WNC,Industrials : Heavy Equipment & Industrial Rentals,Industrials,Machinery & Industrial Components
"Xos, Inc.",XOS,Industrials : Heavy Equipment & Industrial Rentals,Industrials,Machinery & Industrial Components
"Applied Industrial Technologies, Inc.",AIT,Industrials : Industrial Distribution & Business Equipment,Industrials,Distribution & Diversified Industrials
BlueLinx Holdings Inc.,BXC,Industrials : Industrial Distribution & Business Equipment,Industrials,Distribution & Diversified Industrials
"Core & Main, Inc.",CNM,Industrials : Industrial Distribution & Business Equipment,Industrials,Distribution & Diversified Industrials
DNOW Inc.,DNOW,Industrials : Industrial Distribution & Business Equipment,Industrials,Distribution & Diversified Industrials
"DXP Enterprises, Inc.",DXPE,Industrials : Industrial Distribution & Business Equipment,Industrials,Distribution & Diversified Industrials
"Distribution Solutions Group, Inc.",DSGR,Industrials : Industrial Distribution & Business Equipment,Industrials,Distribution & Diversified Industrials
"EVI Industries, Inc.",EVI,Industrials : Industrial Distribution & Business Equipment,Industrials,Distribution & Diversified Industrials
Fastenal Company,FAST,Industrials : Industrial Distribution & Business Equipment,Industrials,Distribution & Diversified Industrials
Ferguson Enterprises Inc.,FERG,Industrials : Industrial Distribution & Business Equipment,Industrials,Distribution & Diversified Industrials
Global Industrial Company,GIC,Industrials : Industrial Distribution & Business Equipment,Industrials,Distribution & Diversified Industrials
"MSC Industrial Direct Co., Inc.",MSM,Industrials : Industrial Distribution & Business Equipment,Industrials,Distribution & Diversified Industrials
Pool Corporation,POOL,Industrials : Industrial Distribution & Business Equipment,Industrials,Distribution & Diversified Industrials
"QXO, Inc.",QXO,Industrials : Industrial Distribution & Business Equipment,Industrials,Distribution & Diversified Industrials
"Resideo Technologies, Inc.",REZI,Industrials : Industrial Distribution & Business Equipment,Industrials,Distribution & Diversified Industrials
"SiteOne Landscape Supply, Inc.",SITE,Industrials : Industrial Distribution & Business Equipment,Industrials,Distribution & Diversified Industrials
Ten-League International Holdings Limited,TLIH,Industrials : Industrial Distribution & Business Equipment,Industrials,Distribution & Diversified Industrials
Titan Machinery Inc.,TITN,Industrials : Industrial Distribution & Business Equipment,Industrials,Distribution & Diversified Industrials
"W.W. Grainger, Inc.",GWW,Industrials : Industrial Distribution & Business Equipment,Industrials,Distribution & Diversified Industrials
"WESCO International, Inc.",WCC,Industrials : Industrial Distribution & Business Equipment,Industrials,Distribution & Diversified Industrials
WF International Limited,WXM,Industrials : Industrial Distribution & Business Equipment,Industrials,Distribution & Diversified Industrials
"Watsco, Inc.",WSO,Industrials : Industrial Distribution & Business Equipment,Industrials,Distribution & Diversified Industrials
"Xometry, Inc.",XMTR,Industrials : Industrial Distribution & Business Equipment,Industrials,Distribution & Diversified Industrials
"ITG, Inc.",ITG,Industrials : Diversified Industrials & Infrastructure,Industrials,Distribution & Diversified Industrials
Innio N.V.,INIO,Industrials : Diversified Industrials & Infrastructure,Industrials,Distribution & Diversified Industrials
Mobile Infrastructure Corporation,BEEP,Industrials : Diversified Industrials & Infrastructure,Industrials,Distribution & Diversified Industrials
Addentax Group Corp.,ATXG,"Industrials : Freight, Logistics & Rail",Industrials,"Freight, Rail & Marine Logistics"
Armlogi Holding Corp.,BTOC,"Industrials : Freight, Logistics & Rail",Industrials,"Freight, Rail & Marine Logistics"
BingEx Limited,FLX,"Industrials : Freight, Logistics & Rail",Industrials,"Freight, Rail & Marine Logistics"
"C.H. Robinson Worldwide, Inc.",CHRW,"Industrials : Freight, Logistics & Rail",Industrials,"Freight, Rail & Marine Logistics"
Callan JMB Inc.,CJMB,"Industrials : Freight, Logistics & Rail",Industrials,"Freight, Rail & Marine Logistics"
Cheetah Net Supply Chain Service Inc.,CTNT,"Industrials : Freight, Logistics & Rail",Industrials,"Freight, Rail & Marine Logistics"
"Cryoport, Inc.",CYRX,"Industrials : Freight, Logistics & Rail",Industrials,"Freight, Rail & Marine Logistics"
Eastern International Ltd.,ELOG,"Industrials : Freight, Logistics & Rail",Industrials,"Freight, Rail & Marine Logistics"
"Expeditors International of Washington, Inc.",EXPD,"Industrials : Freight, Logistics & Rail",Industrials,"Freight, Rail & Marine Logistics"
FedEx Corporation,FDX,"Industrials : Freight, Logistics & Rail",Industrials,"Freight, Rail & Marine Logistics"
"FedEx Freight Holding Company, Inc.",FDXF,"Industrials : Freight, Logistics & Rail",Industrials,"Freight, Rail & Marine Logistics"
Forward Air Corporation,FWRD,"Industrials : Freight, Logistics & Rail",Industrials,"Freight, Rail & Marine Logistics"
Freightos Limited,CRGO,"Industrials : Freight, Logistics & Rail",Industrials,"Freight, Rail & Marine Logistics"
"GXO Logistics, Inc.",GXO,"Industrials : Freight, Logistics & Rail",Industrials,"Freight, Rail & Marine Logistics"
Globavend Holdings Limited,GVH,"Industrials : Freight, Logistics & Rail",Industrials,"Freight, Rail & Marine Logistics"
Haoxin Holdings Limited,HXHX,"Industrials : Freight, Logistics & Rail",Industrials,"Freight, Rail & Marine Logistics"
"Hub Group, Inc.",HUBG,"Industrials : Freight, Logistics & Rail",Industrials,"Freight, Rail & Marine Logistics"
"J.B. Hunt Transport Services, Inc.",JBHT,"Industrials : Freight, Logistics & Rail",Industrials,"Freight, Rail & Marine Logistics"
Jayud Global Logistics Limited,JYD,"Industrials : Freight, Logistics & Rail",Industrials,"Freight, Rail & Marine Logistics"
Lakeside Holding Limited,LSH,"Industrials : Freight, Logistics & Rail",Industrials,"Freight, Rail & Marine Logistics"
"Landstar System, Inc.",LSTR,"Industrials : Freight, Logistics & Rail",Industrials,"Freight, Rail & Marine Logistics"
New Century Logistics (BVI) Limited,NCEW,"Industrials : Freight, Logistics & Rail",Industrials,"Freight, Rail & Marine Logistics"
PS International Group Ltd.,PSIG,"Industrials : Freight, Logistics & Rail",Industrials,"Freight, Rail & Marine Logistics"
Pitney Bowes Inc.,PBI,"Industrials : Freight, Logistics & Rail",Industrials,"Freight, Rail & Marine Logistics"
"Proficient Auto Logistics, Inc.",PAL,"Industrials : Freight, Logistics & Rail",Industrials,"Freight, Rail & Marine Logistics"
"Radiant Logistics, Inc.",RLGT,"Industrials : Freight, Logistics & Rail",Industrials,"Freight, Rail & Marine Logistics"
Shengfeng Development Limited,SFWL,"Industrials : Freight, Logistics & Rail",Industrials,"Freight, Rail & Marine Logistics"
Singularity Future Technology Ltd.,SGLY,"Industrials : Freight, Logistics & Rail",Industrials,"Freight, Rail & Marine Logistics"
Smart Logistics Global Limited,SLGB,"Industrials : Freight, Logistics & Rail",Industrials,"Freight, Rail & Marine Logistics"
"Tianci International, Inc.",CIIT,"Industrials : Freight, Logistics & Rail",Industrials,"Freight, Rail & Marine Logistics"
"United Parcel Service, Inc.",UPS,"Industrials : Freight, Logistics & Rail",Industrials,"Freight, Rail & Marine Logistics"
ZTO Express (Cayman) Inc.,ZTO,"Industrials : Freight, Logistics & Rail",Industrials,"Freight, Rail & Marine Logistics"
Ardmore Shipping Corporation,ASC,Industrials : Marine Transportation,Industrials,"Freight, Rail & Marine Logistics"
C3is Inc.,CISS,Industrials : Marine Transportation,Industrials,"Freight, Rail & Marine Logistics"
Capital Clean Energy Carriers Corp.,CCEC,Industrials : Marine Transportation,Industrials,"Freight, Rail & Marine Logistics"
Castor Maritime Inc.,CTRM,Industrials : Marine Transportation,Industrials,"Freight, Rail & Marine Logistics"
Costamare Bulkers Holdings Limited,CMDB,Industrials : Marine Transportation,Industrials,"Freight, Rail & Marine Logistics"
Costamare Inc.,CMRE,Industrials : Marine Transportation,Industrials,"Freight, Rail & Marine Logistics"
Danaos Corporation,DAC,Industrials : Marine Transportation,Industrials,"Freight, Rail & Marine Logistics"
Diana Shipping Inc.,DSX,Industrials : Marine Transportation,Industrials,"Freight, Rail & Marine Logistics"
EuroDry Ltd.,EDRY,Industrials : Marine Transportation,Industrials,"Freight, Rail & Marine Logistics"
Euroholdings Ltd.,EHLD,Industrials : Marine Transportation,Industrials,"Freight, Rail & Marine Logistics"
Euroseas Ltd.,ESEA,Industrials : Marine Transportation,Industrials,"Freight, Rail & Marine Logistics"
Genco Shipping & Trading Limited,GNK,Industrials : Marine Transportation,Industrials,"Freight, Rail & Marine Logistics"
"Global Ship Lease, Inc.",GSL,Industrials : Marine Transportation,Industrials,"Freight, Rail & Marine Logistics"
Globus Maritime Limited,GLBS,Industrials : Marine Transportation,Industrials,"Freight, Rail & Marine Logistics"
Hafnia Limited,HAFN,Industrials : Marine Transportation,Industrials,"Freight, Rail & Marine Logistics"
Heidmar Maritime Holdings Corp.,HMR,Industrials : Marine Transportation,Industrials,"Freight, Rail & Marine Logistics"
High-Trend International Group,HTCO,Industrials : Marine Transportation,Industrials,"Freight, Rail & Marine Logistics"
Himalaya Shipping Ltd.,HSHP,Industrials : Marine Transportation,Industrials,"Freight, Rail & Marine Logistics"
Icon Energy Corp.,ICON,Industrials : Marine Transportation,Industrials,"Freight, Rail & Marine Logistics"
Intercont (Cayman) Limited,NCT,Industrials : Marine Transportation,Industrials,"Freight, Rail & Marine Logistics"
Kirby Corporation,KEX,Industrials : Marine Transportation,Industrials,"Freight, Rail & Marine Logistics"
"Matson, Inc.",MATX,Industrials : Marine Transportation,Industrials,"Freight, Rail & Marine Logistics"
Navios Maritime Partners L.P.,NMM,Industrials : Marine Transportation,Industrials,"Freight, Rail & Marine Logistics"
OceanPal Inc.,SVRN,Industrials : Marine Transportation,Industrials,"Freight, Rail & Marine Logistics"
Okeanis Eco Tankers Corp.,ECO,Industrials : Marine Transportation,Industrials,"Freight, Rail & Marine Logistics"
Pangaea Logistics Solutions Ltd.,PANL,Industrials : Marine Transportation,Industrials,"Freight, Rail & Marine Logistics"
Performance Shipping Inc.,PSHG,Industrials : Marine Transportation,Industrials,"Freight, Rail & Marine Logistics"
Rubico Inc.,RUBI,Industrials : Marine Transportation,Industrials,"Freight, Rail & Marine Logistics"
SEACOR Marine Holdings Inc.,SMHI,Industrials : Marine Transportation,Industrials,"Freight, Rail & Marine Logistics"
SFL Corporation Ltd.,SFL,Industrials : Marine Transportation,Industrials,"Freight, Rail & Marine Logistics"
"Safe Bulkers, Inc.",SB,Industrials : Marine Transportation,Industrials,"Freight, Rail & Marine Logistics"
Seanergy Maritime Holdings Corp.,SHIP,Industrials : Marine Transportation,Industrials,"Freight, Rail & Marine Logistics"
Star Bulk Carriers Corp.,SBLK,Industrials : Marine Transportation,Industrials,"Freight, Rail & Marine Logistics"
StealthGas Inc.,GASS,Industrials : Marine Transportation,Industrials,"Freight, Rail & Marine Logistics"
Uni-Fuels Holdings Limited,UFG,Industrials : Marine Transportation,Industrials,"Freight, Rail & Marine Logistics"
United Maritime Corporation,USEA,Industrials : Marine Transportation,Industrials,"Freight, Rail & Marine Logistics"
Vantage Corp,VNTG,Industrials : Marine Transportation,Industrials,"Freight, Rail & Marine Logistics"
ZIM Integrated Shipping Services Ltd.,ZIM,Industrials : Marine Transportation,Industrials,"Freight, Rail & Marine Logistics"
ATI Inc.,ATI,Industrials : Industrial Machinery & Components,Industrials,Machinery & Industrial Components
Ampco-Pittsburgh Corporation,AP,Industrials : Industrial Machinery & Components,Industrials,Machinery & Industrial Components
Carpenter Technology Corporation,CRS,Industrials : Industrial Machinery & Components,Industrials,Machinery & Industrial Components
Commercial Metals Company,CMC,Industrials : Industrial Machinery & Components,Industrials,Machinery & Industrial Components
ESAB Corporation,ESAB,Industrials : Industrial Machinery & Components,Industrials,Machinery & Industrial Components
"GPGI, Inc.",GPGI,Industrials : Industrial Machinery & Components,Industrials,Machinery & Industrial Components
Highway Holdings Limited,HIHO,Industrials : Industrial Machinery & Components,Industrials,Machinery & Industrial Components
Insteel Industries Inc.,IIIN,Industrials : Industrial Machinery & Components,Industrials,Machinery & Industrial Components
"Mayville Engineering Company, Inc.",MEC,Industrials : Industrial Machinery & Components,Industrials,Machinery & Industrial Components
Mingteng International Corporation Inc.,MTEN,Industrials : Industrial Machinery & Components,Industrials,Machinery & Industrial Components
"Mueller Industries, Inc.",MLI,Industrials : Industrial Machinery & Components,Industrials,Machinery & Industrial Components
Olenox Industries Inc.,OLOX,Industrials : Industrial Machinery & Components,Industrials,Machinery & Industrial Components
"Proto Labs, Inc.",PRLB,Industrials : Industrial Machinery & Components,Industrials,Machinery & Industrial Components
Ryerson Holding Corporation,RYZ,Industrials : Industrial Machinery & Components,Industrials,Machinery & Industrial Components
TechPrecision Corporation,TPCS,Industrials : Industrial Machinery & Components,Industrials,Machinery & Industrial Components
Tredegar Corporation,TG,Industrials : Industrial Machinery & Components,Industrials,Machinery & Industrial Components
Tungray Technologies Inc.,TRSG,Industrials : Industrial Machinery & Components,Industrials,Machinery & Industrial Components
"Worthington Enterprises, Inc.",WOR,Industrials : Industrial Machinery & Components,Industrials,Machinery & Industrial Components
374Water Inc.,SCWO,Industrials : Environmental & Waste Services,Industrials,Environmental Services
Aduro Clean Technologies Inc.,ADUR,Industrials : Environmental & Waste Services,Industrials,Environmental Services
"Arq, Inc.",ARQ,Industrials : Environmental & Waste Services,Industrials,Environmental Services
Birchtech Corp.,BCHT,Industrials : Environmental & Waste Services,Industrials,Environmental Services
CECO Environmental Corp.,CECO,Industrials : Environmental & Waste Services,Industrials,Environmental Services
"CleanCore Solutions, Inc.",ZONE,Industrials : Environmental & Waste Services,Industrials,Environmental Services
ClearSign Technologies Corporation,CLIR,Industrials : Environmental & Waste Services,Industrials,Environmental Services
"Energy Recovery, Inc.",ERII,Industrials : Environmental & Waste Services,Industrials,Environmental Services
Euro Tech Holdings Company Limited,CLWT,Industrials : Environmental & Waste Services,Industrials,Environmental Services
"Fuel Tech, Inc.",FTEK,Industrials : Environmental & Waste Services,Industrials,Environmental Services
"LiqTech International, Inc.",LIQT,Industrials : Environmental & Waste Services,Industrials,Environmental Services
"PureCycle Technologies, Inc.",PCT,Industrials : Environmental & Waste Services,Industrials,Environmental Services
"Rain Enhancement Technologies Holdco, Inc.",RAIN,Industrials : Environmental & Waste Services,Industrials,Environmental Services
"TOMI Environmental Solutions, Inc.",TOMZ,Industrials : Environmental & Waste Services,Industrials,Environmental Services
Veralto Corporation,VLTO,Industrials : Environmental & Waste Services,Industrials,Environmental Services
Zurn Elkay Water Solutions Corporation,ZWS,Industrials : Environmental & Waste Services,Industrials,Environmental Services
CSX Corporation,CSX,"Industrials : Freight, Logistics & Rail",Industrials,"Freight, Rail & Marine Logistics"
Canadian National Railway Company,CNI,"Industrials : Freight, Logistics & Rail",Industrials,"Freight, Rail & Marine Logistics"
Canadian Pacific Kansas City Limited,CP,"Industrials : Freight, Logistics & Rail",Industrials,"Freight, Rail & Marine Logistics"
"FreightCar America, Inc.",RAIL,"Industrials : Freight, Logistics & Rail",Industrials,"Freight, Rail & Marine Logistics"
L.B. Foster Company,FSTR,"Industrials : Freight, Logistics & Rail",Industrials,"Freight, Rail & Marine Logistics"
Norfolk Southern Corporation,NSC,"Industrials : Freight, Logistics & Rail",Industrials,"Freight, Rail & Marine Logistics"
Rail Vision Ltd.,RVSN,"Industrials : Freight, Logistics & Rail",Industrials,"Freight, Rail & Marine Logistics"
Swvl Holdings Corp.,SWVL,"Industrials : Freight, Logistics & Rail",Industrials,"Freight, Rail & Marine Logistics"
"The Greenbrier Companies, Inc.",GBX,"Industrials : Freight, Logistics & Rail",Industrials,"Freight, Rail & Marine Logistics"
"Trinity Industries, Inc.",TRN,"Industrials : Freight, Logistics & Rail",Industrials,"Freight, Rail & Marine Logistics"
Union Pacific Corporation,UNP,"Industrials : Freight, Logistics & Rail",Industrials,"Freight, Rail & Marine Logistics"
Westinghouse Air Brake Technologies Corporation,WAB,"Industrials : Freight, Logistics & Rail",Industrials,"Freight, Rail & Marine Logistics"
AerCap Holdings N.V.,AER,Industrials : Heavy Equipment & Industrial Rentals,Industrials,Machinery & Industrial Components
Alta Equipment Group Inc.,ALTG,Industrials : Heavy Equipment & Industrial Rentals,Industrials,Machinery & Industrial Components
"Avis Budget Group, Inc.",CAR,Industrials : Heavy Equipment & Industrial Rentals,Industrials,Machinery & Industrial Components
"Custom Truck One Source, Inc.",CTOS,Industrials : Heavy Equipment & Industrial Rentals,Industrials,Machinery & Industrial Components
EquipmentShare.com Inc.,EQPT,Industrials : Heavy Equipment & Industrial Rentals,Industrials,Machinery & Industrial Components
GATX Corporation,GATX,Industrials : Heavy Equipment & Industrial Rentals,Industrials,Machinery & Industrial Components
Herc Holdings Inc.,HRI,Industrials : Heavy Equipment & Industrial Rentals,Industrials,Machinery & Industrial Components
"Hertz Global Holdings, Inc.",HTZ,Industrials : Heavy Equipment & Industrial Rentals,Industrials,Machinery & Industrial Components
McGrath RentCorp,MGRC,Industrials : Heavy Equipment & Industrial Rentals,Industrials,Machinery & Industrial Components
Multi Ways Holdings Limited,MWG,Industrials : Heavy Equipment & Industrial Rentals,Industrials,Machinery & Industrial Components
"Neutron Holdings, Inc.",LIME,Industrials : Heavy Equipment & Industrial Rentals,Industrials,Machinery & Industrial Components
"PROG Holdings, Inc.",PRG,Industrials : Heavy Equipment & Industrial Rentals,Industrials,Machinery & Industrial Components
"Ryder System, Inc.",R,Industrials : Heavy Equipment & Industrial Rentals,Industrials,Machinery & Industrial Components
Senmiao Technology Limited,AIHS,Industrials : Heavy Equipment & Industrial Rentals,Industrials,Machinery & Industrial Components
"Sunbelt Rentals Holdings, Inc.",SUNB,Industrials : Heavy Equipment & Industrial Rentals,Industrials,Machinery & Industrial Components
U-Haul Holding Company,UHAL,Industrials : Heavy Equipment & Industrial Rentals,Industrials,Machinery & Industrial Components
"United Rentals, Inc.",URI,Industrials : Heavy Equipment & Industrial Rentals,Industrials,Machinery & Industrial Components
Vestis Corporation,VSTS,Industrials : Heavy Equipment & Industrial Rentals,Industrials,Machinery & Industrial Components
WillScot Holdings Corporation,WSC,Industrials : Heavy Equipment & Industrial Rentals,Industrials,Machinery & Industrial Components
Willis Lease Finance Corporation,WLFC,Industrials : Heavy Equipment & Industrial Rentals,Industrials,Machinery & Industrial Components
ADT Inc.,ADT,"Industrials : Professional, Security & Workforce Services",Industrials,Professional & Workforce Services
Allegion plc,ALLE,"Industrials : Professional, Security & Workforce Services",Industrials,Professional & Workforce Services
"BIO-key International, Inc.",BKYI,"Industrials : Professional, Security & Workforce Services",Industrials,Professional & Workforce Services
Brady Corporation,BRC,"Industrials : Professional, Security & Workforce Services",Industrials,Professional & Workforce Services
"Bridger Aerospace Group Holdings, Inc.",BAER,"Industrials : Professional, Security & Workforce Services",Industrials,Professional & Workforce Services
CompX International Inc.,CIX,"Industrials : Professional, Security & Workforce Services",Industrials,Professional & Workforce Services
Concorde International Group Ltd.,YOOV,"Industrials : Professional, Security & Workforce Services",Industrials,Professional & Workforce Services
"CoreCivic, Inc.",CXW,"Industrials : Professional, Security & Workforce Services",Industrials,Professional & Workforce Services
"Evolv Technologies Holdings, Inc.",EVLV,"Industrials : Professional, Security & Workforce Services",Industrials,Professional & Workforce Services
"Guardforce AI Co., Limited",GFAI,"Industrials : Professional, Security & Workforce Services",Industrials,Professional & Workforce Services
"Iveda Solutions, Inc.",IVDA,"Industrials : Professional, Security & Workforce Services",Industrials,Professional & Workforce Services
"Knightscope, Inc.",KSCP,"Industrials : Professional, Security & Workforce Services",Industrials,Professional & Workforce Services
"Liberty Defense Holdings, Ltd.",DETX,"Industrials : Professional, Security & Workforce Services",Industrials,Professional & Workforce Services
MSA Safety Incorporated,MSA,"Industrials : Professional, Security & Workforce Services",Industrials,Professional & Workforce Services
"Mistras Group, Inc.",MG,"Industrials : Professional, Security & Workforce Services",Industrials,Professional & Workforce Services
"NLI Holdings, Inc.",NL,"Industrials : Professional, Security & Workforce Services",Industrials,Professional & Workforce Services
"Napco Security Technologies, Inc.",NSSC,"Industrials : Professional, Security & Workforce Services",Industrials,Professional & Workforce Services
SU Group Holdings Limited,SUGP,"Industrials : Professional, Security & Workforce Services",Industrials,Professional & Workforce Services
Senstar Technologies Corporation,SNT,"Industrials : Professional, Security & Workforce Services",Industrials,Professional & Workforce Services
SuperCom Ltd.,SPCB,"Industrials : Professional, Security & Workforce Services",Industrials,Professional & Workforce Services
The Brink's Company,BCO,"Industrials : Professional, Security & Workforce Services",Industrials,Professional & Workforce Services
"The GEO Group, Inc.",GEO,"Industrials : Professional, Security & Workforce Services",Industrials,Professional & Workforce Services
"VerifyMe, Inc.",VRME,"Industrials : Professional, Security & Workforce Services",Industrials,Professional & Workforce Services
ABM Industries Incorporated,ABM,"Industrials : Professional, Security & Workforce Services",Industrials,Professional & Workforce Services
AZZ Inc.,AZZ,"Industrials : Professional, Security & Workforce Services",Industrials,Professional & Workforce Services
"Amentum Holdings, Inc.",AMTM,"Industrials : Professional, Security & Workforce Services",Industrials,Professional & Workforce Services
Aramark,ARMK,"Industrials : Professional, Security & Workforce Services",Industrials,Professional & Workforce Services
BUUU Group Limited,BUUU,"Industrials : Professional, Security & Workforce Services",Industrials,Professional & Workforce Services
BlackSky Technology Inc.,BKSY,"Industrials : Professional, Security & Workforce Services",Industrials,Professional & Workforce Services
"BrightView Holdings, Inc.",BV,"Industrials : Professional, Security & Workforce Services",Industrials,Professional & Workforce Services
"CBIZ, Inc.",CBZ,"Industrials : Professional, Security & Workforce Services",Industrials,Professional & Workforce Services
"Cass Information Systems, Inc.",CASS,"Industrials : Professional, Security & Workforce Services",Industrials,Professional & Workforce Services
Cimpress plc,CMPR,"Industrials : Professional, Security & Workforce Services",Industrials,Professional & Workforce Services
Cintas Corporation,CTAS,"Industrials : Professional, Security & Workforce Services",Industrials,Professional & Workforce Services
"Copart, Inc.",CPRT,"Industrials : Professional, Security & Workforce Services",Industrials,Professional & Workforce Services
Cre8 Enterprise Limited,CRE,"Industrials : Professional, Security & Workforce Services",Industrials,Professional & Workforce Services
DLH Holdings Corp.,DLHC,"Industrials : Professional, Security & Workforce Services",Industrials,Professional & Workforce Services
"Dolby Laboratories, Inc.",DLB,"Industrials : Professional, Security & Workforce Services",Industrials,Professional & Workforce Services
Eastman Kodak Company,KODK,"Industrials : Professional, Security & Workforce Services",Industrials,Professional & Workforce Services
First Advantage Corporation,FA,"Industrials : Professional, Security & Workforce Services",Industrials,Professional & Workforce Services
Global Payments Inc.,GPN,"Industrials : Professional, Security & Workforce Services",Industrials,Professional & Workforce Services
"LegalZoom.com, Inc.",LZ,"Industrials : Professional, Security & Workforce Services",Industrials,Professional & Workforce Services
Lichen International Limited,LICN,"Industrials : Professional, Security & Workforce Services",Industrials,Professional & Workforce Services
"Maximus, Inc.",MMS,"Industrials : Professional, Security & Workforce Services",Industrials,Professional & Workforce Services
"Network-1 Technologies, Inc.",NTIP,"Industrials : Professional, Security & Workforce Services",Industrials,Professional & Workforce Services
Premium Catering (Holdings) Limited,PC,"Industrials : Professional, Security & Workforce Services",Industrials,Professional & Workforce Services
Primech Holdings Ltd.,PMEC,"Industrials : Professional, Security & Workforce Services",Industrials,Professional & Workforce Services
"Quad/Graphics, Inc.",QUAD,"Industrials : Professional, Security & Workforce Services",Industrials,Professional & Workforce Services
"RB Global, Inc.",RBA,"Industrials : Professional, Security & Workforce Services",Industrials,Professional & Workforce Services
RELX PLC,RELX,"Industrials : Professional, Security & Workforce Services",Industrials,Professional & Workforce Services
Rentokil Initial plc,RTO,"Industrials : Professional, Security & Workforce Services",Industrials,Professional & Workforce Services
"Resolute Holdings Management, Inc.",RHLD,"Industrials : Professional, Security & Workforce Services",Industrials,Professional & Workforce Services
Rich Sparkle Holdings Limited,ANPA,"Industrials : Professional, Security & Workforce Services",Industrials,Professional & Workforce Services
SMX (Security Matters) Public Limited Company,SMX,"Industrials : Professional, Security & Workforce Services",Industrials,Professional & Workforce Services
"SPAR Group, Inc.",SGRP,"Industrials : Professional, Security & Workforce Services",Industrials,Professional & Workforce Services
Samfine Creation Holdings Group Limited,SFHG,"Industrials : Professional, Security & Workforce Services",Industrials,Professional & Workforce Services
"Spire Global, Inc.",SPIR,"Industrials : Professional, Security & Workforce Services",Industrials,Professional & Workforce Services
"System1, Inc.",SST,"Industrials : Professional, Security & Workforce Services",Industrials,Professional & Workforce Services
"TIC Solutions, Inc.",TIC,"Industrials : Professional, Security & Workforce Services",Industrials,Professional & Workforce Services
Target Hospitality Corp.,TH,"Industrials : Professional, Security & Workforce Services",Industrials,Professional & Workforce Services
"Team, Inc.",TISI,"Industrials : Professional, Security & Workforce Services",Industrials,Professional & Workforce Services
Thomson Reuters Corporation,TRI,"Industrials : Professional, Security & Workforce Services",Industrials,Professional & Workforce Services
"Transcat, Inc.",TRNS,"Industrials : Professional, Security & Workforce Services",Industrials,Professional & Workforce Services
TryHard Holdings Limited,THH,"Industrials : Professional, Security & Workforce Services",Industrials,Professional & Workforce Services
UL Solutions Inc.,ULS,"Industrials : Professional, Security & Workforce Services",Industrials,Professional & Workforce Services
UniFirst Corporation,UNF,"Industrials : Professional, Security & Workforce Services",Industrials,Professional & Workforce Services
"Where Food Comes From, Inc.",WFCF,"Industrials : Professional, Security & Workforce Services",Industrials,Professional & Workforce Services
"YSX Tech. Co., Ltd",YSXT,"Industrials : Professional, Security & Workforce Services",Industrials,Professional & Workforce Services
YY Group Holding Limited,YYGH,"Industrials : Professional, Security & Workforce Services",Industrials,Professional & Workforce Services
A. O. Smith Corporation,AOS,Industrials : Industrial Machinery & Components,Industrials,Machinery & Industrial Components
"AMETEK, Inc.",AME,Industrials : Industrial Machinery & Components,Industrials,Machinery & Industrial Components
ATS Corporation,ATS,Industrials : Industrial Machinery & Components,Industrials,Machinery & Industrial Components
American Superconductor Corporation,AMSC,Industrials : Industrial Machinery & Components,Industrials,Machinery & Industrial Components
"Babcock & Wilcox Enterprises, Inc.",BW,Industrials : Industrial Machinery & Components,Industrials,Machinery & Industrial Components
"Broadwind, Inc.",BWEN,Industrials : Industrial Machinery & Components,Industrials,Machinery & Industrial Components
"CSW Industrials, Inc.",CSW,Industrials : Industrial Machinery & Components,Industrials,Machinery & Industrial Components
CVD Equipment Corporation,CVV,Industrials : Industrial Machinery & Components,Industrials,Machinery & Industrial Components
"Capstone Energy+, Inc.",CEPL,Industrials : Industrial Machinery & Components,Industrials,Machinery & Industrial Components
"Chart Industries, Inc.",GTLS,Industrials : Industrial Machinery & Components,Industrials,Machinery & Industrial Components
"Clean Energy Technologies, Inc.",CETY,Industrials : Industrial Machinery & Components,Industrials,Machinery & Industrial Components
Crane Company,CR,Industrials : Industrial Machinery & Components,Industrials,Machinery & Industrial Components
"Crane NXT, Co.",CXT,Industrials : Industrial Machinery & Components,Industrials,Machinery & Industrial Components
Cummins Inc.,CMI,Industrials : Industrial Machinery & Components,Industrials,Machinery & Industrial Components
"Donaldson Company, Inc.",DCI,Industrials : Industrial Machinery & Components,Industrials,Machinery & Industrial Components
Dover Corporation,DOV,Industrials : Industrial Machinery & Components,Industrials,Machinery & Industrial Components
"ERock, Inc.",EROC,Industrials : Industrial Machinery & Components,Industrials,Machinery & Industrial Components
Eaton Corporation plc,ETN,Industrials : Industrial Machinery & Components,Industrials,Machinery & Industrial Components
Emerson Electric Co.,EMR,Industrials : Industrial Machinery & Components,Industrials,Machinery & Industrial Components
Enerpac Tool Group Corp.,EPAC,Industrials : Industrial Machinery & Components,Industrials,Machinery & Industrial Components
Enpro Inc.,NPO,Industrials : Industrial Machinery & Components,Industrials,Machinery & Industrial Components
Flowserve Corporation,FLS,Industrials : Industrial Machinery & Components,Industrials,Machinery & Industrial Components
"Franklin Electric Co., Inc.",FELE,Industrials : Industrial Machinery & Components,Industrials,Machinery & Industrial Components
GE Vernova Inc.,GEV,Industrials : Industrial Machinery & Components,Industrials,Machinery & Industrial Components
Gates Industrial Corporation plc,GTES,Industrials : Industrial Machinery & Components,Industrials,Machinery & Industrial Components
Generac Holdings Inc.,GNRC,Industrials : Industrial Machinery & Components,Industrials,Machinery & Industrial Components
Graco Inc.,GGG,Industrials : Industrial Machinery & Components,Industrials,Machinery & Industrial Components
Graham Corporation,GHM,Industrials : Industrial Machinery & Components,Industrials,Machinery & Industrial Components
Green Circle Decarbonize Technology Limited,GCDT,Industrials : Industrial Machinery & Components,Industrials,Machinery & Industrial Components
HUHUTECH International Group Inc.,HUHU,Industrials : Industrial Machinery & Components,Industrials,Machinery & Industrial Components
"Hadron Energy, Inc.",HDRN,Industrials : Industrial Machinery & Components,Industrials,Machinery & Industrial Components
"Helios Technologies, Inc.",HLIO,Industrials : Industrial Machinery & Components,Industrials,Machinery & Industrial Components
"Hurco Companies, Inc.",HURC,Industrials : Industrial Machinery & Components,Industrials,Machinery & Industrial Components
IDEX Corporation,IEX,Industrials : Industrial Machinery & Components,Industrials,Machinery & Industrial Components
INLIF Limited,INLF,Industrials : Industrial Machinery & Components,Industrials,Machinery & Industrial Components
ITT Inc.,ITT,Industrials : Industrial Machinery & Components,Industrials,Machinery & Industrial Components
Illinois Tool Works Inc.,ITW,Industrials : Industrial Machinery & Components,Industrials,Machinery & Industrial Components
Ingersoll Rand Inc.,IR,Industrials : Industrial Machinery & Components,Industrials,Machinery & Industrial Components
JBT Marel Corporation,JBTM,Industrials : Industrial Machinery & Components,Industrials,Machinery & Industrial Components
JE Cleantech Holdings Limited,JCSE,Industrials : Industrial Machinery & Components,Industrials,Machinery & Industrial Components
Kadant Inc.,KAI,Industrials : Industrial Machinery & Components,Industrials,Machinery & Industrial Components
Kornit Digital Ltd.,KRNT,Industrials : Industrial Machinery & Components,Industrials,Machinery & Industrial Components
Laser Photonics Corporation,LASE,Industrials : Industrial Machinery & Components,Industrials,Machinery & Industrial Components
Li Bang International Corporation Inc.,LBGJ,Industrials : Industrial Machinery & Components,Industrials,Machinery & Industrial Components
Luxfer Holdings PLC,LXFR,Industrials : Industrial Machinery & Components,Industrials,Machinery & Industrial Components
"Midera Food Processing, Inc.",MFP,Industrials : Industrial Machinery & Components,Industrials,Machinery & Industrial Components
"Mirion Technologies, Inc.",MIR,Industrials : Industrial Machinery & Components,Industrials,Machinery & Industrial Components
"Mueller Water Products, Inc.",MWA,Industrials : Industrial Machinery & Components,Industrials,Machinery & Industrial Components
NANO Nuclear Energy Inc.,NNE,Industrials : Industrial Machinery & Components,Industrials,Machinery & Industrial Components
NET Power Inc.,NPWR,Industrials : Industrial Machinery & Components,Industrials,Machinery & Industrial Components
Nordson Corporation,NDSN,Industrials : Industrial Machinery & Components,Industrials,Machinery & Industrial Components
NuScale Power Corporation,SMR,Industrials : Industrial Machinery & Components,Industrials,Machinery & Industrial Components
"Nuburu, Inc.",BURU,Industrials : Industrial Machinery & Components,Industrials,Machinery & Industrial Components
"Ocean Power Technologies, Inc.",OPTT,Industrials : Industrial Machinery & Components,Industrials,Machinery & Industrial Components
"Omega Flex, Inc.",OFLX,Industrials : Industrial Machinery & Components,Industrials,Machinery & Industrial Components
Otis Worldwide Corporation,OTIS,Industrials : Industrial Machinery & Components,Industrials,Machinery & Industrial Components
Park-Ohio Holdings Corp.,PKOH,Industrials : Industrial Machinery & Components,Industrials,Machinery & Industrial Components
Parker-Hannifin Corporation,PH,Industrials : Industrial Machinery & Components,Industrials,Machinery & Industrial Components
Pentair plc,PNR,Industrials : Industrial Machinery & Components,Industrials,Machinery & Industrial Components
"Power Solutions International, Inc.",PSIX,Industrials : Industrial Machinery & Components,Industrials,Machinery & Industrial Components
Regal Rexnord Corporation,RRX,Industrials : Industrial Machinery & Components,Industrials,Machinery & Industrial Components
Richtech Robotics Inc.,RR,Industrials : Industrial Machinery & Components,Industrials,Machinery & Industrial Components
"Rockwell Automation, Inc.",ROK,Industrials : Industrial Machinery & Components,Industrials,Machinery & Industrial Components
SCHMID Group N.V.,SHMD,Industrials : Industrial Machinery & Components,Industrials,Machinery & Industrial Components
Serve Robotics Inc.,SERV,Industrials : Industrial Machinery & Components,Industrials,Machinery & Industrial Components
Simpple Ltd.,SPPL,Industrials : Industrial Machinery & Components,Industrials,Machinery & Industrial Components
Standex International Corporation,SXI,Industrials : Industrial Machinery & Components,Industrials,Machinery & Industrial Components
Symbotic Inc.,SYM,Industrials : Industrial Machinery & Components,Industrials,Machinery & Industrial Components
"Taylor Devices, Inc.",TAYD,Industrials : Industrial Machinery & Components,Industrials,Machinery & Industrial Components
Tennant Company,TNC,Industrials : Industrial Machinery & Components,Industrials,Machinery & Industrial Components
The Gorman-Rupp Company,GRC,Industrials : Industrial Machinery & Components,Industrials,Machinery & Industrial Components
The Middleby Corporation,MIDD,Industrials : Industrial Machinery & Components,Industrials,Machinery & Industrial Components
"Twin Disc, Incorporated",TWIN,Industrials : Industrial Machinery & Components,Industrials,Machinery & Industrial Components
WF Holding Limited,WFF,Industrials : Industrial Machinery & Components,Industrials,Machinery & Industrial Components
"Watts Water Technologies, Inc.",WTS,Industrials : Industrial Machinery & Components,Industrials,Machinery & Industrial Components
XCHG Limited,XCH,Industrials : Industrial Machinery & Components,Industrials,Machinery & Industrial Components
Xylem Inc.,XYL,Industrials : Industrial Machinery & Components,Industrials,Machinery & Industrial Components
"ZJK Industrial Co., Ltd.",ZJK,Industrials : Industrial Machinery & Components,Industrials,Machinery & Industrial Components
"BGSF, Inc.",BGSF,"Industrials : Professional, Security & Workforce Services",Industrials,Professional & Workforce Services
"Barrett Business Services, Inc.",BBSI,"Industrials : Professional, Security & Workforce Services",Industrials,Professional & Workforce Services
"Circle8 Group, Inc.",CIRC,"Industrials : Professional, Security & Workforce Services",Industrials,Professional & Workforce Services
GEE Group Inc.,JOB,"Industrials : Professional, Security & Workforce Services",Industrials,Professional & Workforce Services
Galaxy Payroll Group Limited,GLXG,"Industrials : Professional, Security & Workforce Services",Industrials,Professional & Workforce Services
"HireQuest, Inc.",HQI,"Industrials : Professional, Security & Workforce Services",Industrials,Professional & Workforce Services
"Insperity, Inc.",NSP,"Industrials : Professional, Security & Workforce Services",Industrials,Professional & Workforce Services
"Kelly Services, Inc.",KELYA,"Industrials : Professional, Security & Workforce Services",Industrials,Professional & Workforce Services
"Kelly Services, Inc.",KELYB,"Industrials : Professional, Security & Workforce Services",Industrials,Professional & Workforce Services
Kforce Inc.,KFRC,"Industrials : Professional, Security & Workforce Services",Industrials,Professional & Workforce Services
Korn Ferry,KFY,"Industrials : Professional, Security & Workforce Services",Industrials,Professional & Workforce Services
ManpowerGroup Inc.,MAN,"Industrials : Professional, Security & Workforce Services",Industrials,Professional & Workforce Services
"Mastech Digital, Inc.",MHH,"Industrials : Professional, Security & Workforce Services",Industrials,Professional & Workforce Services
"Nixxy, Inc.",NIXX,"Industrials : Professional, Security & Workforce Services",Industrials,Professional & Workforce Services
"Professional Diversity Network, Inc.",IPDN,"Industrials : Professional, Security & Workforce Services",Industrials,Professional & Workforce Services
Robert Half Inc.,RHI,"Industrials : Professional, Security & Workforce Services",Industrials,Professional & Workforce Services
"TriNet Group, Inc.",TNET,"Industrials : Professional, Security & Workforce Services",Industrials,Professional & Workforce Services
"TrueBlue, Inc.",TBI,"Industrials : Professional, Security & Workforce Services",Industrials,Professional & Workforce Services
Chicago Rivet & Machine Co.,CVR,Industrials : Industrial Machinery & Components,Industrials,Machinery & Industrial Components
Hillman Solutions Corp.,HLMN,Industrials : Industrial Machinery & Components,Industrials,Machinery & Industrial Components
Kennametal Inc.,KMT,Industrials : Industrial Machinery & Components,Industrials,Machinery & Industrial Components
"Lincoln Electric Holdings, Inc.",LECO,Industrials : Industrial Machinery & Components,Industrials,Machinery & Industrial Components
RBC Bearings Incorporated,RBC,Industrials : Industrial Machinery & Components,Industrials,Machinery & Industrial Components
Snap-on Incorporated,SNA,Industrials : Industrial Machinery & Components,Industrials,Machinery & Industrial Components
"Stanley Black & Decker, Inc.",SWK,Industrials : Industrial Machinery & Components,Industrials,Machinery & Industrial Components
The Eastern Company,EML,Industrials : Industrial Machinery & Components,Industrials,Machinery & Industrial Components
The Timken Company,TKR,Industrials : Industrial Machinery & Components,Industrials,Machinery & Industrial Components
The Toro Company,TTC,Industrials : Industrial Machinery & Components,Industrials,Machinery & Industrial Components
ArcBest Corporation,ARCB,"Industrials : Freight, Logistics & Rail",Industrials,"Freight, Rail & Marine Logistics"
"Covenant Logistics Group, Inc.",CVLG,"Industrials : Freight, Logistics & Rail",Industrials,"Freight, Rail & Marine Logistics"
Elite Express Holding Inc.,ETS,"Industrials : Freight, Logistics & Rail",Industrials,"Freight, Rail & Marine Logistics"
"Heartland Express, Inc.",HTLD,"Industrials : Freight, Logistics & Rail",Industrials,"Freight, Rail & Marine Logistics"
Knight-Swift Transportation Holdings Inc.,KNX,"Industrials : Freight, Logistics & Rail",Industrials,"Freight, Rail & Marine Logistics"
"Marten Transport, Ltd.",MRTN,"Industrials : Freight, Logistics & Rail",Industrials,"Freight, Rail & Marine Logistics"
"Old Dominion Freight Line, Inc.",ODFL,"Industrials : Freight, Logistics & Rail",Industrials,"Freight, Rail & Marine Logistics"
PAMT CORP,PAMT,"Industrials : Freight, Logistics & Rail",Industrials,"Freight, Rail & Marine Logistics"
"RXO, Inc.",RXO,"Industrials : Freight, Logistics & Rail",Industrials,"Freight, Rail & Marine Logistics"
"Saia, Inc.",SAIA,"Industrials : Freight, Logistics & Rail",Industrials,"Freight, Rail & Marine Logistics"
"Schneider National, Inc.",SNDR,"Industrials : Freight, Logistics & Rail",Industrials,"Freight, Rail & Marine Logistics"
TFI International Inc.,TFII,"Industrials : Freight, Logistics & Rail",Industrials,"Freight, Rail & Marine Logistics"
Toppoint Holdings Inc.,TOPP,"Industrials : Freight, Logistics & Rail",Industrials,"Freight, Rail & Marine Logistics"
"Universal Logistics Holdings, Inc.",ULH,"Industrials : Freight, Logistics & Rail",Industrials,"Freight, Rail & Marine Logistics"
"Werner Enterprises, Inc.",WERN,"Industrials : Freight, Logistics & Rail",Industrials,"Freight, Rail & Marine Logistics"
"XPO, Inc.",XPO,"Industrials : Freight, Logistics & Rail",Industrials,"Freight, Rail & Marine Logistics"
American Battery Technology Company,ABAT,Industrials : Environmental & Waste Services,Industrials,Environmental Services
"Aqua Metals, Inc.",AQMS,Industrials : Environmental & Waste Services,Industrials,Environmental Services
Avalon Holdings Corporation,AWX,Industrials : Environmental & Waste Services,Industrials,Environmental Services
CDT Environmental Technology Investment Holdings Limited,CDTG,Industrials : Environmental & Waste Services,Industrials,Environmental Services
"Casella Waste Systems, Inc.",CWST,Industrials : Environmental & Waste Services,Industrials,Environmental Services
"Clean Harbors, Inc.",CLH,Industrials : Environmental & Waste Services,Industrials,Environmental Services
Decent Holding Inc.,DXST,Industrials : Environmental & Waste Services,Industrials,Environmental Services
Energys Group Limited,ENGS,Industrials : Environmental & Waste Services,Industrials,Environmental Services
Enviri Corporation,NVRI,Industrials : Environmental & Waste Services,Industrials,Environmental Services
GFL Environmental Inc.,GFL,Industrials : Environmental & Waste Services,Industrials,Environmental Services
"Greenwave Technology Solutions, Inc.",GWAV,Industrials : Environmental & Waste Services,Industrials,Environmental Services
"LanzaTech Global, Inc.",LNZA,Industrials : Environmental & Waste Services,Industrials,Environmental Services
One and one Green Technologies. Inc,YDDL,Industrials : Environmental & Waste Services,Industrials,Environmental Services
"Onterris, Inc.",ONT,Industrials : Environmental & Waste Services,Industrials,Environmental Services
"Perma-Fix Environmental Services, Inc.",PESI,Industrials : Environmental & Waste Services,Industrials,Environmental Services
Quest Resource Holding Corporation,QRHC,Industrials : Environmental & Waste Services,Industrials,Environmental Services
"Republic Services, Inc.",RSG,Industrials : Environmental & Waste Services,Industrials,Environmental Services
"Waste Connections, Inc.",WCN,Industrials : Environmental & Waste Services,Industrials,Environmental Services
"Waste Management, Inc.",WM,Industrials : Environmental & Waste Services,Industrials,Environmental Services
